bmu,farm,zone,zone_name,nation,basis,capacity_mw,source_url
2__BLOND003,EDFE Aggregate E Mids,_B,East Midlands,England & Wales,gspGroupId,20.000,https://data.elexon.co.uk/bmrs/api/v1/reference/bmunits/all
2__NNATP001,2__NNATP001,_N,South Scotland,Scotland,gspGroupId,50.000,https://data.elexon.co.uk/bmrs/api/v1/reference/bmunits/all
2__PEDGE003,2__PEDGE003,_P,North Scotland,Scotland,gspGroupId,55.749,https://data.elexon.co.uk/bmrs/api/v1/reference/bmunits/all
2__PEDGE004,2__PEDGE004,_P,North Scotland,Scotland,gspGroupId,27.376,https://data.elexon.co.uk/bmrs/api/v1/reference/bmunits/all
2__PENEC001,Rothes,_P,North Scotland,Scotland,gspGroupId,54.501,https://data.elexon.co.uk/bmrs/api/v1/reference/bmunits/all
2__PENEC002,Pauls Hill,_P,North Scotland,Scotland,gspGroupId,70.167,https://data.elexon.co.uk/bmrs/api/v1/reference/bmunits/all
2__PSMAE001,2__PSMAE001,_P,North Scotland,Scotland,gspGroupId,0.000,https://data.elexon.co.uk/bmrs/api/v1/reference/bmunits/all
2__PSMAE003,CE Tacher Turbines,_P,North Scotland,Scotland,gspGroupId,12.900,https://data.elexon.co.uk/bmrs/api/v1/reference/bmunits/all
2__PSMAR001,2__PSMAR001,_P,North Scotland,Scotland,gspGroupId,50.000,https://data.elexon.co.uk/bmrs/api/v1/reference/bmunits/all
2__PSTAT001,STAT P2 North Scotland,_P,North Scotland,Scotland,gspGroupId,42.000,https://data.elexon.co.uk/bmrs/api/v1/reference/bmunits/all
2__PSTAT002,STAT P3 North Scotland,_P,North Scotland,Scotland,gspGroupId,76.000,https://data.elexon.co.uk/bmrs/api/v1/reference/bmunits/all
C__PSMAR001,C__PSMAR001,_P,North Scotland,Scotland,gspGroupId,11.282,https://data.elexon.co.uk/bmrs/api/v1/reference/bmunits/all
C__PSTAT011,C__PSTAT011,_P,North Scotland,Scotland,gspGroupId,40.000,https://data.elexon.co.uk/bmrs/api/v1/reference/bmunits/all
E_ABRTW-1,Auchrobert,_N,South Scotland,Scotland,gspGroupId,36.000,https://data.elexon.co.uk/bmrs/api/v1/reference/bmunits/all
E_AIRSW-1,Airies,_N,South Scotland,Scotland,gspGroupId,38.000,https://data.elexon.co.uk/bmrs/api/v1/reference/bmunits/all
E_ASHWW-1,Andershaw,_N,South Scotland,Scotland,gspGroupId,35.000,https://data.elexon.co.uk/bmrs/api/v1/reference/bmunits/all
E_ASLVW-1,Assel Valley,_N,South Scotland,Scotland,gspGroupId,26.000,https://data.elexon.co.uk/bmrs/api/v1/reference/bmunits/all
E_BABAW-1,Baillie,_P,North Scotland,Scotland,gspGroupId,52.500,https://data.elexon.co.uk/bmrs/api/v1/reference/bmunits/all
E_BETHW-1,BETHW,_P,North Scotland,Scotland,gspGroupId,29.750,https://data.elexon.co.uk/bmrs/api/v1/reference/bmunits/all
E_BLARW-1,BLARW,_P,North Scotland,Scotland,gspGroupId,35.000,https://data.elexon.co.uk/bmrs/api/v1/reference/bmunits/all
E_BNWKW-1,Burn of Whilk,_P,North Scotland,Scotland,gspGroupId,22.500,https://data.elexon.co.uk/bmrs/api/v1/reference/bmunits/all
E_BRDUW-1,Braes of Doune,_P,North Scotland,Scotland,gspGroupId,74.000,https://data.elexon.co.uk/bmrs/api/v1/reference/bmunits/all
E_BRNLW-1,Brownieleys,_P,North Scotland,Scotland,gspGroupId,7.500,https://data.elexon.co.uk/bmrs/api/v1/reference/bmunits/all
E_BRYBW-1,Berry Burn,_P,North Scotland,Scotland,gspGroupId,62.708,https://data.elexon.co.uk/bmrs/api/v1/reference/bmunits/all
E_BTUIW-2,Beinn An Tuirc,_P,North Scotland,Scotland,gspGroupId,43.700,https://data.elexon.co.uk/bmrs/api/v1/reference/bmunits/all
E_BTUIW-3,Beinn An Tuirc,_P,North Scotland,Scotland,gspGroupId,52.000,https://data.elexon.co.uk/bmrs/api/v1/reference/bmunits/all
E_BURBO,Burbo,_D,Merseyside & N Wales,England & Wales,gspGroupId,90.000,https://data.elexon.co.uk/bmrs/api/v1/reference/bmunits/all
E_CLDRW-1,CLDRW,_P,North Scotland,Scotland,gspGroupId,39.000,https://data.elexon.co.uk/bmrs/api/v1/reference/bmunits/all
E_CLFLW-1,Clachan Flats,_P,North Scotland,Scotland,gspGroupId,15.000,https://data.elexon.co.uk/bmrs/api/v1/reference/bmunits/all
E_CMSTW-2,Camster,_P,North Scotland,Scotland,gspGroupId,36.000,https://data.elexon.co.uk/bmrs/api/v1/reference/bmunits/all
E_CNCLW-1,Coire Na Cloiche,_P,North Scotland,Scotland,gspGroupId,30.520,https://data.elexon.co.uk/bmrs/api/v1/reference/bmunits/all
E_CRGTW-1,Craig,_N,South Scotland,Scotland,gspGroupId,4.700,https://data.elexon.co.uk/bmrs/api/v1/reference/bmunits/all
E_DALSW-1,Dalswinton,_N,South Scotland,Scotland,gspGroupId,30.000,https://data.elexon.co.uk/bmrs/api/v1/reference/bmunits/all
E_GDSTW-1,Gordonstown,_P,North Scotland,Scotland,gspGroupId,13.289,https://data.elexon.co.uk/bmrs/api/v1/reference/bmunits/all
E_GLCHW-1,Glenchamber,_N,South Scotland,Scotland,gspGroupId,27.440,https://data.elexon.co.uk/bmrs/api/v1/reference/bmunits/all
E_GLOFW-1,Glens of Foudland,_P,North Scotland,Scotland,gspGroupId,26.700,https://data.elexon.co.uk/bmrs/api/v1/reference/bmunits/all
E_GRGRW-1,Greengairs East,_N,South Scotland,Scotland,gspGroupId,37.649,https://data.elexon.co.uk/bmrs/api/v1/reference/bmunits/all
E_HBHDW-1,Harburnhead,_N,South Scotland,Scotland,gspGroupId,51.700,https://data.elexon.co.uk/bmrs/api/v1/reference/bmunits/all
E_HLGLW-1,Hill of Glaschyle,_P,North Scotland,Scotland,gspGroupId,28.000,https://data.elexon.co.uk/bmrs/api/v1/reference/bmunits/all
E_HLTWW-1,Hill of Towie,_P,North Scotland,Scotland,gspGroupId,48.000,https://data.elexon.co.uk/bmrs/api/v1/reference/bmunits/all
E_HRHLW-1,Hare Hill,_N,South Scotland,Scotland,gspGroupId,30.000,https://data.elexon.co.uk/bmrs/api/v1/reference/bmunits/all
E_HYWDW-1,Hywind,_P,North Scotland,Scotland,gspGroupId,30.000,https://data.elexon.co.uk/bmrs/api/v1/reference/bmunits/all
E_KHLLW-1,Kirk Hill,_N,South Scotland,Scotland,gspGroupId,18.800,https://data.elexon.co.uk/bmrs/api/v1/reference/bmunits/all
E_KINCW-1,Kincardine,_P,North Scotland,Scotland,gspGroupId,49.600,https://data.elexon.co.uk/bmrs/api/v1/reference/bmunits/all
E_MINSW-1,Minsca,_N,South Scotland,Scotland,gspGroupId,38.123,https://data.elexon.co.uk/bmrs/api/v1/reference/bmunits/all
E_MOYEW-1,Moy,_P,North Scotland,Scotland,gspGroupId,60.000,https://data.elexon.co.uk/bmrs/api/v1/reference/bmunits/all
E_PIBUW-1,Pines Burn,_N,South Scotland,Scotland,gspGroupId,36.000,https://data.elexon.co.uk/bmrs/api/v1/reference/bmunits/all
E_STRHW-1,Strathrory,_P,North Scotland,Scotland,gspGroupId,36.667,https://data.elexon.co.uk/bmrs/api/v1/reference/bmunits/all
E_SWBKW-1,Solwaybank,_N,South Scotland,Scotland,gspGroupId,34.000,https://data.elexon.co.uk/bmrs/api/v1/reference/bmunits/all
E_TLYMW-1,Tullymurdoch,_P,North Scotland,Scotland,gspGroupId,13.856,https://data.elexon.co.uk/bmrs/api/v1/reference/bmunits/all
E_TULWW-1,Tullo,_P,North Scotland,Scotland,gspGroupId,17.000,https://data.elexon.co.uk/bmrs/api/v1/reference/bmunits/all
E_TULWW-2,Tullo,_P,North Scotland,Scotland,gspGroupId,25.000,https://data.elexon.co.uk/bmrs/api/v1/reference/bmunits/all
T_ABRBO-1,Aberdeen Offshore,_P,North Scotland,Scotland,loss-factor zone,99.000,https://data.elexon.co.uk/bmrs/api/v1/reference/bmunits/all
T_ACHRW-1,AChruach,_P,North Scotland,Scotland,loss-factor zone,42.600,https://data.elexon.co.uk/bmrs/api/v1/reference/bmunits/all
T_AFTOW-1,Afton,_N,South Scotland,Scotland,loss-factor zone,50.000,https://data.elexon.co.uk/bmrs/api/v1/reference/bmunits/all
T_AKGLW-2,Aikengall,_N,South Scotland,Scotland,loss-factor zone,63.840,https://data.elexon.co.uk/bmrs/api/v1/reference/bmunits/all
T_AKGLW-3,Aikengall,_N,South Scotland,Scotland,loss-factor zone,163.400,https://data.elexon.co.uk/bmrs/api/v1/reference/bmunits/all
T_ANSUW-1,An Suidhe,_P,North Scotland,Scotland,loss-factor zone,19.360,https://data.elexon.co.uk/bmrs/api/v1/reference/bmunits/all
T_ARCHW-1,Arecleoch,_N,South Scotland,Scotland,loss-factor zone,114.000,https://data.elexon.co.uk/bmrs/api/v1/reference/bmunits/all
T_BDCHW-1,Bad a Cheo,_P,North Scotland,Scotland,loss-factor zone,27.000,https://data.elexon.co.uk/bmrs/api/v1/reference/bmunits/all
T_BEATO-1,Beatrice,_P,North Scotland,Scotland,loss-factor zone,184.000,https://data.elexon.co.uk/bmrs/api/v1/reference/bmunits/all
T_BEATO-2,Beatrice,_P,North Scotland,Scotland,loss-factor zone,166.000,https://data.elexon.co.uk/bmrs/api/v1/reference/bmunits/all
T_BEATO-3,Beatrice,_P,North Scotland,Scotland,loss-factor zone,166.000,https://data.elexon.co.uk/bmrs/api/v1/reference/bmunits/all
T_BEATO-4,Beatrice,_P,North Scotland,Scotland,loss-factor zone,165.526,https://data.elexon.co.uk/bmrs/api/v1/reference/bmunits/all
T_BEINW-1,Beinneun,_P,North Scotland,Scotland,loss-factor zone,108.800,https://data.elexon.co.uk/bmrs/api/v1/reference/bmunits/all
T_BENBW-1,Benbrack,_N,South Scotland,Scotland,loss-factor zone,67.000,https://data.elexon.co.uk/bmrs/api/v1/reference/bmunits/all
T_BHLAW-1,Bhlaraidh,_P,North Scotland,Scotland,loss-factor zone,108.112,https://data.elexon.co.uk/bmrs/api/v1/reference/bmunits/all
T_BLKWW-1,Blackcraig,_N,South Scotland,Scotland,loss-factor zone,56.216,https://data.elexon.co.uk/bmrs/api/v1/reference/bmunits/all
T_BLLA-1,Black Law,_N,South Scotland,Scotland,loss-factor zone,118.000,https://data.elexon.co.uk/bmrs/api/v1/reference/bmunits/all
T_BLLA-2,Black Law,_N,South Scotland,Scotland,loss-factor zone,69.000,https://data.elexon.co.uk/bmrs/api/v1/reference/bmunits/all
T_BOWLW-1,Barrow,_G,North Western,England & Wales,loss-factor zone,90.000,https://data.elexon.co.uk/bmrs/api/v1/reference/bmunits/all
T_BRBEO-1,BRBEO,_D,Merseyside & N Wales,England & Wales,loss-factor zone,257.700,https://data.elexon.co.uk/bmrs/api/v1/reference/bmunits/all
T_BROCW-1,Broken Cross,_N,South Scotland,Scotland,loss-factor zone,48.000,https://data.elexon.co.uk/bmrs/api/v1/reference/bmunits/all
T_CGTHW-1,Corriegarth,_P,North Scotland,Scotland,loss-factor zone,69.000,https://data.elexon.co.uk/bmrs/api/v1/reference/bmunits/all
T_CLDCW-1,Clyde Central,_N,South Scotland,Scotland,loss-factor zone,200.000,https://data.elexon.co.uk/bmrs/api/v1/reference/bmunits/all
T_CLDNW-1,Clyde North,_N,South Scotland,Scotland,loss-factor zone,200.000,https://data.elexon.co.uk/bmrs/api/v1/reference/bmunits/all
T_CLDSW-1,Clyde South,_N,South Scotland,Scotland,loss-factor zone,150.000,https://data.elexon.co.uk/bmrs/api/v1/reference/bmunits/all
T_COUWW-1,Cour,_P,North Scotland,Scotland,loss-factor zone,20.500,https://data.elexon.co.uk/bmrs/api/v1/reference/bmunits/all
T_CRDEW-1,Crossdykes,_N,South Scotland,Scotland,loss-factor zone,24.000,https://data.elexon.co.uk/bmrs/api/v1/reference/bmunits/all
T_CRDEW-2,Crossdykes,_N,South Scotland,Scotland,loss-factor zone,24.000,https://data.elexon.co.uk/bmrs/api/v1/reference/bmunits/all
T_CREAW-1,Creag Riabhach,_P,North Scotland,Scotland,loss-factor zone,93.000,https://data.elexon.co.uk/bmrs/api/v1/reference/bmunits/all
T_CRGHW-1,Carraig Gheal,_P,North Scotland,Scotland,loss-factor zone,46.000,https://data.elexon.co.uk/bmrs/api/v1/reference/bmunits/all
T_CRMLW-1,Corriemoillie,_P,North Scotland,Scotland,loss-factor zone,48.000,https://data.elexon.co.uk/bmrs/api/v1/reference/bmunits/all
T_CRYRW-2,Crystal Rig,_N,South Scotland,Scotland,loss-factor zone,150.620,https://data.elexon.co.uk/bmrs/api/v1/reference/bmunits/all
T_CRYRW-3,Crystal Rig,_N,South Scotland,Scotland,loss-factor zone,13.800,https://data.elexon.co.uk/bmrs/api/v1/reference/bmunits/all
T_CRYRW-4,Crystal Rig,_N,South Scotland,Scotland,loss-factor zone,48.200,https://data.elexon.co.uk/bmrs/api/v1/reference/bmunits/all
T_CUMHW-1,Cumberhead,_N,South Scotland,Scotland,loss-factor zone,52.000,https://data.elexon.co.uk/bmrs/api/v1/reference/bmunits/all
T_CUMHW-2,Cumberhead,_N,South Scotland,Scotland,loss-factor zone,126.000,https://data.elexon.co.uk/bmrs/api/v1/reference/bmunits/all
T_DALQW-1,Dalquhandy,_N,South Scotland,Scotland,loss-factor zone,42.846,https://data.elexon.co.uk/bmrs/api/v1/reference/bmunits/all
T_DBAWO-1,Dogger Bank A,_M,Yorkshire,England & Wales,loss-factor zone,302.400,https://data.elexon.co.uk/bmrs/api/v1/reference/bmunits/all
T_DBAWO-2,Dogger Bank A,_M,Yorkshire,England & Wales,loss-factor zone,304.000,https://data.elexon.co.uk/bmrs/api/v1/reference/bmunits/all
T_DBAWO-3,Dogger Bank A,_M,Yorkshire,England & Wales,loss-factor zone,302.800,https://data.elexon.co.uk/bmrs/api/v1/reference/bmunits/all
T_DBAWO-4,Dogger Bank A,_M,Yorkshire,England & Wales,loss-factor zone,152.600,https://data.elexon.co.uk/bmrs/api/v1/reference/bmunits/all
T_DBAWO-5,Dogger Bank A,_M,Yorkshire,England & Wales,loss-factor zone,138.200,https://data.elexon.co.uk/bmrs/api/v1/reference/bmunits/all
T_DBBWO-1,Dogger Bank B,_M,Yorkshire,England & Wales,loss-factor zone,302.400,https://data.elexon.co.uk/bmrs/api/v1/reference/bmunits/all
T_DBBWO-2,Dogger Bank B,_M,Yorkshire,England & Wales,loss-factor zone,304.400,https://data.elexon.co.uk/bmrs/api/v1/reference/bmunits/all
T_DBBWO-3,Dogger Bank B,_M,Yorkshire,England & Wales,loss-factor zone,302.300,https://data.elexon.co.uk/bmrs/api/v1/reference/bmunits/all
T_DBBWO-4,Dogger Bank B,_M,Yorkshire,England & Wales,loss-factor zone,152.200,https://data.elexon.co.uk/bmrs/api/v1/reference/bmunits/all
T_DBBWO-5,Dogger Bank B,_M,Yorkshire,England & Wales,loss-factor zone,138.700,https://data.elexon.co.uk/bmrs/api/v1/reference/bmunits/all
T_DDGNO-1,Dudgeon,_A,Eastern,England & Wales,loss-factor zone,108.000,https://data.elexon.co.uk/bmrs/api/v1/reference/bmunits/all
T_DDGNO-2,Dudgeon,_A,Eastern,England & Wales,loss-factor zone,90.000,https://data.elexon.co.uk/bmrs/api/v1/reference/bmunits/all
T_DDGNO-3,Dudgeon,_A,Eastern,England & Wales,loss-factor zone,102.000,https://data.elexon.co.uk/bmrs/api/v1/reference/bmunits/all
T_DDGNO-4,Dudgeon,_A,Eastern,England & Wales,loss-factor zone,102.000,https://data.elexon.co.uk/bmrs/api/v1/reference/bmunits/all
T_DNLWW-1,Dunlaw,_N,South Scotland,Scotland,loss-factor zone,29.750,https://data.elexon.co.uk/bmrs/api/v1/reference/bmunits/all
T_DOREW-1,Dorenell,_P,North Scotland,Scotland,loss-factor zone,114.000,https://data.elexon.co.uk/bmrs/api/v1/reference/bmunits/all
T_DOREW-2,Dorenell,_P,North Scotland,Scotland,loss-factor zone,114.000,https://data.elexon.co.uk/bmrs/api/v1/reference/bmunits/all
T_DOUGW-1,DOUGW,_N,South Scotland,Scotland,loss-factor zone,45.000,https://data.elexon.co.uk/bmrs/api/v1/reference/bmunits/all
T_DRSLW-1,Dersalloch,_N,South Scotland,Scotland,loss-factor zone,70.900,https://data.elexon.co.uk/bmrs/api/v1/reference/bmunits/all
T_DUNGW-1,Dunmaglass,_P,North Scotland,Scotland,loss-factor zone,100.000,https://data.elexon.co.uk/bmrs/api/v1/reference/bmunits/all
T_DWEXW-1,Douglas West,_N,South Scotland,Scotland,loss-factor zone,65.510,https://data.elexon.co.uk/bmrs/api/v1/reference/bmunits/all
T_EAAO-1,East Anglia One Offshore,_A,Eastern,England & Wales,loss-factor zone,358.000,https://data.elexon.co.uk/bmrs/api/v1/reference/bmunits/all
T_EAAO-2,East Anglia One Offshore,_A,Eastern,England & Wales,loss-factor zone,367.000,https://data.elexon.co.uk/bmrs/api/v1/reference/bmunits/all
T_EDINW-1,Edinbane,_P,North Scotland,Scotland,loss-factor zone,41.400,https://data.elexon.co.uk/bmrs/api/v1/reference/bmunits/all
T_ENHLW-1,Enoch Hill,_N,South Scotland,Scotland,loss-factor zone,70.000,https://data.elexon.co.uk/bmrs/api/v1/reference/bmunits/all
T_EWHLW-1,Ewe Hill,_N,South Scotland,Scotland,loss-factor zone,38.000,https://data.elexon.co.uk/bmrs/api/v1/reference/bmunits/all
T_FALGW-1,Fallago Rig,_N,South Scotland,Scotland,loss-factor zone,144.000,https://data.elexon.co.uk/bmrs/api/v1/reference/bmunits/all
T_FARR-1,Farr,_P,North Scotland,Scotland,loss-factor zone,92.000,https://data.elexon.co.uk/bmrs/api/v1/reference/bmunits/all
T_FARR-2,Farr,_P,North Scotland,Scotland,loss-factor zone,92.000,https://data.elexon.co.uk/bmrs/api/v1/reference/bmunits/all
T_FSDLW-1,Freasdail,_P,North Scotland,Scotland,loss-factor zone,22.200,https://data.elexon.co.uk/bmrs/api/v1/reference/bmunits/all
T_GANW-11,Galloper,_A,Eastern,England & Wales,loss-factor zone,88.000,https://data.elexon.co.uk/bmrs/api/v1/reference/bmunits/all
T_GANW-13,Galloper,_A,Eastern,England & Wales,loss-factor zone,88.000,https://data.elexon.co.uk/bmrs/api/v1/reference/bmunits/all
T_GANW-22,Galloper,_A,Eastern,England & Wales,loss-factor zone,385.820,https://data.elexon.co.uk/bmrs/api/v1/reference/bmunits/all
T_GANW-24,Galloper,_A,Eastern,England & Wales,loss-factor zone,88.000,https://data.elexon.co.uk/bmrs/api/v1/reference/bmunits/all
T_GLNKW-1,Glen Kyllachy,_P,North Scotland,Scotland,loss-factor zone,52.000,https://data.elexon.co.uk/bmrs/api/v1/reference/bmunits/all
T_GLWSW-1,Galawhistle,_N,South Scotland,Scotland,loss-factor zone,55.200,https://data.elexon.co.uk/bmrs/api/v1/reference/bmunits/all
T_GNAPW-1,Glen App,_N,South Scotland,Scotland,loss-factor zone,22.000,https://data.elexon.co.uk/bmrs/api/v1/reference/bmunits/all
T_GNFSW-1,Gunfleet Sands,_A,Eastern,England & Wales,loss-factor zone,108.000,https://data.elexon.co.uk/bmrs/api/v1/reference/bmunits/all
T_GNFSW-2,Gunfleet Sands,_A,Eastern,England & Wales,loss-factor zone,64.480,https://data.elexon.co.uk/bmrs/api/v1/reference/bmunits/all
T_GORDW-1,Gordon Bush,_P,North Scotland,Scotland,loss-factor zone,86.764,https://data.elexon.co.uk/bmrs/api/v1/reference/bmunits/all
T_GORDW-2,Gordon Bush,_P,North Scotland,Scotland,loss-factor zone,58.733,https://data.elexon.co.uk/bmrs/api/v1/reference/bmunits/all
T_GRGBW-1,Greater Gabbard,_A,Eastern,England & Wales,loss-factor zone,205.000,https://data.elexon.co.uk/bmrs/api/v1/reference/bmunits/all
T_GRGBW-2,Greater Gabbard,_A,Eastern,England & Wales,loss-factor zone,167.000,https://data.elexon.co.uk/bmrs/api/v1/reference/bmunits/all
T_GRGBW-3,Greater Gabbard,_A,Eastern,England & Wales,loss-factor zone,167.000,https://data.elexon.co.uk/bmrs/api/v1/reference/bmunits/all
T_GRIFW-1,Griffin,_P,North Scotland,Scotland,loss-factor zone,102.000,https://data.elexon.co.uk/bmrs/api/v1/reference/bmunits/all
T_GRIFW-2,Griffin,_P,North Scotland,Scotland,loss-factor zone,104.000,https://data.elexon.co.uk/bmrs/api/v1/reference/bmunits/all
T_GYMR-15,GyM,_D,Merseyside & N Wales,England & Wales,loss-factor zone,148.000,https://data.elexon.co.uk/bmrs/api/v1/reference/bmunits/all
T_GYMR-17,GyM,_D,Merseyside & N Wales,England & Wales,loss-factor zone,148.000,https://data.elexon.co.uk/bmrs/api/v1/reference/bmunits/all
T_GYMR-26,GyM,_D,Merseyside & N Wales,England & Wales,loss-factor zone,148.000,https://data.elexon.co.uk/bmrs/api/v1/reference/bmunits/all
T_GYMR-28,GyM,_D,Merseyside & N Wales,England & Wales,loss-factor zone,148.000,https://data.elexon.co.uk/bmrs/api/v1/reference/bmunits/all
T_HADHW-1,Hadyard Hill,_N,South Scotland,Scotland,loss-factor zone,130.000,https://data.elexon.co.uk/bmrs/api/v1/reference/bmunits/all
T_HAGHW-2,Hagshaw,_N,South Scotland,Scotland,loss-factor zone,51.300,https://data.elexon.co.uk/bmrs/api/v1/reference/bmunits/all
T_HAHAW-1,Hagshaw,_N,South Scotland,Scotland,loss-factor zone,30.258,https://data.elexon.co.uk/bmrs/api/v1/reference/bmunits/all
T_HALSW-1,Halsary,_P,North Scotland,Scotland,loss-factor zone,30.000,https://data.elexon.co.uk/bmrs/api/v1/reference/bmunits/all
T_HMGTO-1,Humber,_M,Yorkshire,England & Wales,loss-factor zone,108.000,https://data.elexon.co.uk/bmrs/api/v1/reference/bmunits/all
T_HMGTO-2,Humber,_M,Yorkshire,England & Wales,loss-factor zone,111.000,https://data.elexon.co.uk/bmrs/api/v1/reference/bmunits/all
T_HOWAO-1,HOWAO,_M,Yorkshire,England & Wales,loss-factor zone,400.000,https://data.elexon.co.uk/bmrs/api/v1/reference/bmunits/all
T_HOWAO-2,HOWAO,_M,Yorkshire,England & Wales,loss-factor zone,400.000,https://data.elexon.co.uk/bmrs/api/v1/reference/bmunits/all
T_HOWAO-3,HOWAO,_M,Yorkshire,England & Wales,loss-factor zone,400.000,https://data.elexon.co.uk/bmrs/api/v1/reference/bmunits/all
T_HOWBO-1,HOWBO,_M,Yorkshire,England & Wales,loss-factor zone,440.000,https://data.elexon.co.uk/bmrs/api/v1/reference/bmunits/all
T_HOWBO-2,HOWBO,_M,Yorkshire,England & Wales,loss-factor zone,440.000,https://data.elexon.co.uk/bmrs/api/v1/reference/bmunits/all
T_HOWBO-3,HOWBO,_M,Yorkshire,England & Wales,loss-factor zone,440.000,https://data.elexon.co.uk/bmrs/api/v1/reference/bmunits/all
T_HRSTW-1,Harestanes,_N,South Scotland,Scotland,loss-factor zone,142.300,https://data.elexon.co.uk/bmrs/api/v1/reference/bmunits/all
T_INCWO-1,Inch Cape,_N,South Scotland,Scotland,loss-factor zone,450.000,https://data.elexon.co.uk/bmrs/api/v1/reference/bmunits/all
T_INCWO-2,Inch Cape,_N,South Scotland,Scotland,loss-factor zone,90.000,https://data.elexon.co.uk/bmrs/api/v1/reference/bmunits/all
T_INCWO-3,Inch Cape,_N,South Scotland,Scotland,loss-factor zone,360.000,https://data.elexon.co.uk/bmrs/api/v1/reference/bmunits/all
T_INCWO-4,Inch Cape,_N,South Scotland,Scotland,loss-factor zone,180.000,https://data.elexon.co.uk/bmrs/api/v1/reference/bmunits/all
T_KENNW-1,Kennoxhead,_N,South Scotland,Scotland,loss-factor zone,60.000,https://data.elexon.co.uk/bmrs/api/v1/reference/bmunits/all
T_KILBW-1,Kilbraur,_P,North Scotland,Scotland,loss-factor zone,68.510,https://data.elexon.co.uk/bmrs/api/v1/reference/bmunits/all
T_KLGLW-1,Kilgallioch,_N,South Scotland,Scotland,loss-factor zone,228.000,https://data.elexon.co.uk/bmrs/api/v1/reference/bmunits/all
T_KLGLW-2,Kilgallioch,_N,South Scotland,Scotland,loss-factor zone,225.000,https://data.elexon.co.uk/bmrs/api/v1/reference/bmunits/all
T_KPMRW-1,Kype Muir,_N,South Scotland,Scotland,loss-factor zone,89.000,https://data.elexon.co.uk/bmrs/api/v1/reference/bmunits/all
T_KTHLW-1,Keith Hill,_N,South Scotland,Scotland,loss-factor zone,4.540,https://data.elexon.co.uk/bmrs/api/v1/reference/bmunits/all
T_KYPEW-1,Kype Muir,_N,South Scotland,Scotland,loss-factor zone,67.000,https://data.elexon.co.uk/bmrs/api/v1/reference/bmunits/all
T_LARYW-1,London Array,_J,South Eastern,England & Wales,loss-factor zone,171.000,https://data.elexon.co.uk/bmrs/api/v1/reference/bmunits/all
T_LARYW-2,London Array,_J,South Eastern,England & Wales,loss-factor zone,171.000,https://data.elexon.co.uk/bmrs/api/v1/reference/bmunits/all
T_LARYW-3,London Array,_J,South Eastern,England & Wales,loss-factor zone,171.000,https://data.elexon.co.uk/bmrs/api/v1/reference/bmunits/all
T_LARYW-4,London Array,_J,South Eastern,England & Wales,loss-factor zone,191.099,https://data.elexon.co.uk/bmrs/api/v1/reference/bmunits/all
T_LCLTW-1,Lochluichart,_P,North Scotland,Scotland,loss-factor zone,69.000,https://data.elexon.co.uk/bmrs/api/v1/reference/bmunits/all
T_LIMKW-1,Limekiln,_P,North Scotland,Scotland,loss-factor zone,106.000,https://data.elexon.co.uk/bmrs/api/v1/reference/bmunits/all
T_LNCSW-1,Lincs,_A,Eastern,England & Wales,loss-factor zone,150.000,https://data.elexon.co.uk/bmrs/api/v1/reference/bmunits/all
T_LNCSW-2,Lincs,_A,Eastern,England & Wales,loss-factor zone,150.000,https://data.elexon.co.uk/bmrs/api/v1/reference/bmunits/all
T_MIDMW-1,Middle Muir,_N,South Scotland,Scotland,loss-factor zone,51.000,https://data.elexon.co.uk/bmrs/api/v1/reference/bmunits/all
T_MILWW-1,Millennium,_P,North Scotland,Scotland,loss-factor zone,65.000,https://data.elexon.co.uk/bmrs/api/v1/reference/bmunits/all
T_MKHLW-1,Mark Hill,_N,South Scotland,Scotland,loss-factor zone,53.000,https://data.elexon.co.uk/bmrs/api/v1/reference/bmunits/all
T_MOWEO-1,Moray East,_P,North Scotland,Scotland,loss-factor zone,300.000,https://data.elexon.co.uk/bmrs/api/v1/reference/bmunits/all
T_MOWEO-2,Moray East,_P,North Scotland,Scotland,loss-factor zone,300.000,https://data.elexon.co.uk/bmrs/api/v1/reference/bmunits/all
T_MOWEO-3,Moray East,_P,North Scotland,Scotland,loss-factor zone,300.000,https://data.elexon.co.uk/bmrs/api/v1/reference/bmunits/all
T_MOWWO-1,Moray West,_P,North Scotland,Scotland,loss-factor zone,215.000,https://data.elexon.co.uk/bmrs/api/v1/reference/bmunits/all
T_MOWWO-2,Moray West,_P,North Scotland,Scotland,loss-factor zone,215.000,https://data.elexon.co.uk/bmrs/api/v1/reference/bmunits/all
T_MOWWO-3,Moray West,_P,North Scotland,Scotland,loss-factor zone,143.000,https://data.elexon.co.uk/bmrs/api/v1/reference/bmunits/all
T_MOWWO-4,Moray West,_P,North Scotland,Scotland,loss-factor zone,287.000,https://data.elexon.co.uk/bmrs/api/v1/reference/bmunits/all
T_MYGPW-1,Minnygap,_N,South Scotland,Scotland,loss-factor zone,25.000,https://data.elexon.co.uk/bmrs/api/v1/reference/bmunits/all
T_NNGAO-1,Neart na Gaoithe,_N,South Scotland,Scotland,loss-factor zone,224.000,https://data.elexon.co.uk/bmrs/api/v1/reference/bmunits/all
T_NNGAO-2,Neart na Gaoithe,_N,South Scotland,Scotland,loss-factor zone,224.000,https://data.elexon.co.uk/bmrs/api/v1/reference/bmunits/all
T_NOKYW-1,North Kyle,_N,South Scotland,Scotland,loss-factor zone,106.000,https://data.elexon.co.uk/bmrs/api/v1/reference/bmunits/all
T_NOKYW-2,North Kyle,_N,South Scotland,Scotland,loss-factor zone,106.000,https://data.elexon.co.uk/bmrs/api/v1/reference/bmunits/all
T_OMNDW-1,Ormonde Energy,_G,North Western,England & Wales,loss-factor zone,150.760,https://data.elexon.co.uk/bmrs/api/v1/reference/bmunits/all
T_PGBIW-1,Pogbie,_N,South Scotland,Scotland,loss-factor zone,10.000,https://data.elexon.co.uk/bmrs/api/v1/reference/bmunits/all
T_PLOEW-1,Pencloe,_N,South Scotland,Scotland,loss-factor zone,81.000,https://data.elexon.co.uk/bmrs/api/v1/reference/bmunits/all
T_PNYCW-1,PNYCW-1 Export,_K,South Wales,England & Wales,loss-factor zone,228.000,https://data.elexon.co.uk/bmrs/api/v1/reference/bmunits/all
T_RCBKO-1,RCBKO,_A,Eastern,England & Wales,loss-factor zone,284.000,https://data.elexon.co.uk/bmrs/api/v1/reference/bmunits/all
T_RCBKO-2,RCBKO,_A,Eastern,England & Wales,loss-factor zone,290.000,https://data.elexon.co.uk/bmrs/api/v1/reference/bmunits/all
T_RMPNO-1,Rampion,_J,South Eastern,England & Wales,loss-factor zone,200.100,https://data.elexon.co.uk/bmrs/api/v1/reference/bmunits/all
T_RMPNO-2,Rampion,_J,South Eastern,England & Wales,loss-factor zone,200.100,https://data.elexon.co.uk/bmrs/api/v1/reference/bmunits/all
T_RREW-1,RREW,_G,North Western,England & Wales,loss-factor zone,114.293,https://data.elexon.co.uk/bmrs/api/v1/reference/bmunits/all
T_RRWW-1,RRWW,_G,North Western,England & Wales,loss-factor zone,90.838,https://data.elexon.co.uk/bmrs/api/v1/reference/bmunits/all
T_SAKNW-1,Sandy Knowe,_N,South Scotland,Scotland,loss-factor zone,87.000,https://data.elexon.co.uk/bmrs/api/v1/reference/bmunits/all
T_SANQW-1,Sanquhar,_N,South Scotland,Scotland,loss-factor zone,32.080,https://data.elexon.co.uk/bmrs/api/v1/reference/bmunits/all
T_SGRWO-1,Seagreen,_P,North Scotland,Scotland,loss-factor zone,358.000,https://data.elexon.co.uk/bmrs/api/v1/reference/bmunits/all
T_SGRWO-2,Seagreen,_P,North Scotland,Scotland,loss-factor zone,220.000,https://data.elexon.co.uk/bmrs/api/v1/reference/bmunits/all
T_SGRWO-3,Seagreen,_P,North Scotland,Scotland,loss-factor zone,374.618,https://data.elexon.co.uk/bmrs/api/v1/reference/bmunits/all
T_SGRWO-4,Seagreen,_P,North Scotland,Scotland,loss-factor zone,140.000,https://data.elexon.co.uk/bmrs/api/v1/reference/bmunits/all
T_SGRWO-5,Seagreen,_P,North Scotland,Scotland,loss-factor zone,300.000,https://data.elexon.co.uk/bmrs/api/v1/reference/bmunits/all
T_SGRWO-6,Seagreen,_P,North Scotland,Scotland,loss-factor zone,380.000,https://data.elexon.co.uk/bmrs/api/v1/reference/bmunits/all
T_SHRSW-1,Sheringham Shoal,_A,Eastern,England & Wales,loss-factor zone,158.400,https://data.elexon.co.uk/bmrs/api/v1/reference/bmunits/all
T_SHRSW-2,Sheringham Shoal,_A,Eastern,England & Wales,loss-factor zone,158.400,https://data.elexon.co.uk/bmrs/api/v1/reference/bmunits/all
T_SOFOW-11,Sofia,_F,North Eastern,England & Wales,loss-factor zone,457.000,https://data.elexon.co.uk/bmrs/api/v1/reference/bmunits/all
T_SOFOW-12,Sofia,_F,North Eastern,England & Wales,loss-factor zone,457.000,https://data.elexon.co.uk/bmrs/api/v1/reference/bmunits/all
T_SOFOW-21,Sofia,_F,North Eastern,England & Wales,loss-factor zone,457.000,https://data.elexon.co.uk/bmrs/api/v1/reference/bmunits/all
T_SOFOW-22,Sofia,_F,North Eastern,England & Wales,loss-factor zone,457.000,https://data.elexon.co.uk/bmrs/api/v1/reference/bmunits/all
T_SOKYW-1,South Kyle,_N,South Scotland,Scotland,loss-factor zone,426.916,https://data.elexon.co.uk/bmrs/api/v1/reference/bmunits/all
T_STLGW-1,Stronelairg,_P,North Scotland,Scotland,loss-factor zone,108.000,https://data.elexon.co.uk/bmrs/api/v1/reference/bmunits/all
T_STLGW-2,Stronelairg,_P,North Scotland,Scotland,loss-factor zone,108.000,https://data.elexon.co.uk/bmrs/api/v1/reference/bmunits/all
T_STLGW-3,Stronelairg,_P,North Scotland,Scotland,loss-factor zone,108.000,https://data.elexon.co.uk/bmrs/api/v1/reference/bmunits/all
T_STRNW-1,Strathy North,_P,North Scotland,Scotland,loss-factor zone,70.000,https://data.elexon.co.uk/bmrs/api/v1/reference/bmunits/all
T_TDBNW-1,Toddleburn,_N,South Scotland,Scotland,loss-factor zone,31.600,https://data.elexon.co.uk/bmrs/api/v1/reference/bmunits/all
T_THNTO-1,Thanet,_J,South Eastern,England & Wales,loss-factor zone,287.699,https://data.elexon.co.uk/bmrs/api/v1/reference/bmunits/all
T_THNTO-2,Thanet,_J,South Eastern,England & Wales,loss-factor zone,230.159,https://data.elexon.co.uk/bmrs/api/v1/reference/bmunits/all
T_TKNEW-1,Triton Knoll OSP East,_B,East Midlands,England & Wales,loss-factor zone,412.000,https://data.elexon.co.uk/bmrs/api/v1/reference/bmunits/all
T_TKNWW-1,Triton Knoll OSP west,_B,East Midlands,England & Wales,loss-factor zone,412.000,https://data.elexon.co.uk/bmrs/api/v1/reference/bmunits/all
T_TRLGW-1,TRLGW,_N,South Scotland,Scotland,loss-factor zone,18.742,https://data.elexon.co.uk/bmrs/api/v1/reference/bmunits/all
T_TWSHW-1,Twenty Shilling,_N,South Scotland,Scotland,loss-factor zone,37.800,https://data.elexon.co.uk/bmrs/api/v1/reference/bmunits/all
T_VKNGW-1,Viking Energy,_P,North Scotland,Scotland,loss-factor zone,121.800,https://data.elexon.co.uk/bmrs/api/v1/reference/bmunits/all
T_VKNGW-2,Viking Energy,_P,North Scotland,Scotland,loss-factor zone,121.800,https://data.elexon.co.uk/bmrs/api/v1/reference/bmunits/all
T_VKNGW-3,Viking Energy,_P,North Scotland,Scotland,loss-factor zone,121.800,https://data.elexon.co.uk/bmrs/api/v1/reference/bmunits/all
T_VKNGW-4,Viking Energy,_P,North Scotland,Scotland,loss-factor zone,121.800,https://data.elexon.co.uk/bmrs/api/v1/reference/bmunits/all
T_WDNSO-1,West of Duddon Sands Offshore,_G,North Western,England & Wales,loss-factor zone,197.000,https://data.elexon.co.uk/bmrs/api/v1/reference/bmunits/all
T_WDNSO-2,West of Duddon Sands Offshore,_G,North Western,England & Wales,loss-factor zone,201.000,https://data.elexon.co.uk/bmrs/api/v1/reference/bmunits/all
T_WDRGW-1,Windy Rig,_N,South Scotland,Scotland,loss-factor zone,42.800,https://data.elexon.co.uk/bmrs/api/v1/reference/bmunits/all
T_WHIHW-1,Whiteside Hill,_N,South Scotland,Scotland,loss-factor zone,27.520,https://data.elexon.co.uk/bmrs/api/v1/reference/bmunits/all
T_WHILW-1,Whitelee,_N,South Scotland,Scotland,loss-factor zone,309.000,https://data.elexon.co.uk/bmrs/api/v1/reference/bmunits/all
T_WHILW-2,Whitelee,_N,South Scotland,Scotland,loss-factor zone,206.000,https://data.elexon.co.uk/bmrs/api/v1/reference/bmunits/all
T_WISTW-2,Brockloch Rig 2 WF Exp A,_N,South Scotland,Scotland,loss-factor zone,61.500,https://data.elexon.co.uk/bmrs/api/v1/reference/bmunits/all
T_WLNYO-2,WLNYO,_G,North Western,England & Wales,loss-factor zone,183.600,https://data.elexon.co.uk/bmrs/api/v1/reference/bmunits/all
T_WLNYO-3,WLNYO,_G,North Western,England & Wales,loss-factor zone,345.220,https://data.elexon.co.uk/bmrs/api/v1/reference/bmunits/all
T_WLNYO-4,WLNYO,_G,North Western,England & Wales,loss-factor zone,330.000,https://data.elexon.co.uk/bmrs/api/v1/reference/bmunits/all
T_WLNYW-1,WLNYW,_G,North Western,England & Wales,loss-factor zone,182.000,https://data.elexon.co.uk/bmrs/api/v1/reference/bmunits/all
T_WTMSO-1,WTMSO,_M,Yorkshire,England & Wales,loss-factor zone,205.000,https://data.elexon.co.uk/bmrs/api/v1/reference/bmunits/all
